{   "name":"Aluminium",
    "symbole":["Al"],
    "atomicnumber": "13",
    "atomicmass": "26.9815(g/mol)",
    "configuration":"SEMI-CONDUCTEURS",
    "year":"1825",
    "discoveredname":["Hans Christian Orsted"],
    "electronicstructure":"[Ne]3s\u00b23p\u00b9\n1s\u00b22s\u00b22p\u20763s\u00b23p\u00b9",  
    "molarmass":"26.9815384123685(g/mol)", 
    "density":"2.7(g/cm\u00b3)", 
    "valence":["III, I"], 
    "period":"3", 
    "group":"IIA", 
    "phase":"Solide",
    "radioactive":"Non"
}