{   "name":"Argon",
    "symbole":["Ar"],
    "atomicnumber": "18",
    "atomicmass": "39.9478(g/mol)",
    "configuration":"GAZ RARES",
    "year":"1894",
    "discoveredname":["Sir William Ramsay"], 
    "molarmass":"39.9477985618953(g/mol)", 
    "density":"0.0017837(g/cm\u00b3)", 
    "valence":["0"], 
    "period":"3", 
    "group":"VIIIA", 
    "phase":"Gaz",
    "electronicstructure":"[Ne]3s\u00b23p\u2076\n1s\u00b22s\u00b22p\u20763s\u00b23p\u2076", 
    "radioactive":"Non"
}