{   "name":"Bore",
    "symbole":["B"],
    "atomicnumber": "5",
    "atomicmass": "10.8135(g/mol)",
    "configuration":"METALLOIDES",
    "year":"1808",
    "discoveredname":["Joseph Louis Gay-Lussac","Louis Jacques Thenard","Humphry Davy"],
    "electronicstructure":"1s\u00b22s\u00b22p\u00b9",  
    "molarmass":"10.8135187949825(g/mol)", 
    "density":"2.37(g/cm\u00b3)", 
    "valence":["III"], 
    "period":"2", 
    "group":"IIIA", 
    "phase":"Solide",
    "radioactive":"Non"
}