{   "name":"Calcium",
    "symbole":["Ca"],
    "atomicnumber": "20",
    "atomicmass": "40.078(g/mol)",
    "configuration":"METAUX ALCALINO-TERREUX",
    "year":"1808",
    "discoveredname":["Humphry Davy"],
    "electronicstructure":"[Ar]4s\u00b2\n1s\u00b22s\u00b22p\u20763s\u0023p\u20764s\u00b2",  
    "molarmass":"15.9994049240801(g/mol)", 
    "density":"0.001429(g/cm\u00b3)", 
    "valence":["II"], 
    "period":"2", 
    "group":"VIA", 
    "phase":"Gaz",
    "radioactive":"Non"
}