{   "name":"Chlore",
    "symbole":["Cl"],
    "atomicnumber": "17",
    "atomicmass": "35.4521(g/mol)",
    "configuration":"HALOGENES",
    "year":"1774",
    "discoveredname":["Carl Wilhelm Scheele"],
    "electronicstructure":"[Ne]3s\u00b23p\u2075\n1s\u00b22s\u00b22p\u20763s\u00b23p\u2075",  
    "molarmass":"35.4521387667802(g/mol)", 
    "density":"0.003214(g/cm\u00b3)", 
    "valence":["I", "II","III","IV","V","VII"], 
    "period":"3", 
    "group":"VIIA", 
    "phase":"Gaz",
    "radioactive":"Non"
}