{   "name":"Magnesium",
    "symbole":["Mg"],
    "atomicnumber": "12",
    "atomicmass": "24.3051(g/mol)",
    "configuration":"METAUX ALCALINO-TERREUX",
    "year":"1755",
    "discoveredname":["Joseph Black","Humphry Davy"],
    "electronicstructure":"[Ne]3s\u00b2\n1s\u00b22s\u00b22p\u20763s\u00b2",  
    "molarmass":"24.3050516136388(g/mol)", 
    "density":"1.738(g/cm\u00b3)", 
    "valence":["II"], 
    "period":"3", 
    "group":"IIA", 
    "phase":"Solide",
    "radioactive":"Non"
}

