{   "name":"Phosphore",
    "symbole":["P"],
    "atomicnumber": "15",
    "atomicmass": "30.9738(g/mol)",
    "configuration":"NON METAUX",
    "year":"1669",
    "discoveredname":["Hennig Brand"],
    "electronicstructure":"[Ne]3s\u00b23p\u00b3\n1s\u00b22s\u00b22p\u20763s\u00b23p\u00b3",  
    "molarmass":"30.9737619977018(g/mol)", 
    "density":"1.823(g/cm\u00b3)", 
    "valence":["III", "IV"], 
    "period":"3", 
    "group":"VA", 
    "phase":"Solide",
    "radioactive":"Non"
}
