{   "name":"Silicium",
    "symbole":["Si"],
    "atomicnumber": "14",
    "atomicmass": "28.085(g/mol)",
    "configuration":"METALLOIDES",
    "year":"1823",
    "discoveredname":["Jons Jakob Berzelius"],
    "electronicstructure":"[Ne]3s\u00b23p\u00b2\n1s\u00b22s\u00b22p\u20763s\u00b23p\u00b2",  
    "molarmass":"28.0849993456101(g/mol)", 
    "density":"2.3396(g/cm\u00b3)", 
    "valence":["II, IV"], 
    "period":"3", 
    "group":"IVA", 
    "phase":"Solide",
    "radioactive":"Non"
}